<?xml version="1.0" encoding="UTF-8"?><?xml-stylesheet type='text/xsl' href='_UpgradeReport_Files/UpgradeReport.xslt'?><UpgradeLog>
<Properties><Property Name="Solution" Value="slope03">
</Property><Property Name="Solution File" Value="D:\source\c#\function graphing\slope03.sln">
</Property><Property Name="User Options File" Value="D:\source\c#\function graphing\slope03.suo">
</Property><Property Name="Date" Value="Sunday, May 09, 2010">
</Property><Property Name="Time" Value="17:44 PM">
</Property></Properties><Event ErrorLevel="0" Project="" Source="slope03.sln" Description="File successfully backed up as D:\source\c#\function graphing\Backup\slope03.sln">
</Event><Event ErrorLevel="0" Project="" Source="slope03.suo" Description="File successfully backed up as D:\source\c#\function graphing\Backup\slope03.suo">
</Event><Event ErrorLevel="0" Project="slope03" Source="slope03.csproj" Description="Project file successfully backed up as D:\source\c#\function graphing\Backup\slope03.csproj">
</Event><Event ErrorLevel="0" Project="slope03" Source="Form1.cs" Description="File successfully backed up as D:\source\c#\function graphing\Backup\Form1.cs">
</Event><Event ErrorLevel="0" Project="slope03" Source="Form1.Designer.cs" Description="File successfully backed up as D:\source\c#\function graphing\Backup\Form1.Designer.cs">
</Event><Event ErrorLevel="0" Project="slope03" Source="GraphSettings.cs" Description="File successfully backed up as D:\source\c#\function graphing\Backup\GraphSettings.cs">
</Event><Event ErrorLevel="0" Project="slope03" Source="Program.cs" Description="File successfully backed up as D:\source\c#\function graphing\Backup\Program.cs">
</Event><Event ErrorLevel="0" Project="slope03" Source="Properties\AssemblyInfo.cs" Description="File successfully backed up as D:\source\c#\function graphing\Backup\Properties\AssemblyInfo.cs">
</Event><Event ErrorLevel="0" Project="slope03" Source="Properties\Resources.Designer.cs" Description="File successfully backed up as D:\source\c#\function graphing\Backup\Properties\Resources.Designer.cs">
</Event><Event ErrorLevel="0" Project="slope03" Source="Properties\Settings.Designer.cs" Description="File successfully backed up as D:\source\c#\function graphing\Backup\Properties\Settings.Designer.cs">
</Event><Event ErrorLevel="0" Project="slope03" Source="GraphSettingsDialog.cs" Description="File successfully backed up as D:\source\c#\function graphing\Backup\GraphSettingsDialog.cs">
</Event><Event ErrorLevel="0" Project="slope03" Source="GraphSettingsDialog.Designer.cs" Description="File successfully backed up as D:\source\c#\function graphing\Backup\GraphSettingsDialog.Designer.cs">
</Event><Event ErrorLevel="0" Project="slope03" Source="Properties\Settings.settings" Description="File successfully backed up as D:\source\c#\function graphing\Backup\Properties\Settings.settings">
</Event><Event ErrorLevel="0" Project="slope03" Source="Form1.resx" Description="File successfully backed up as D:\source\c#\function graphing\Backup\Form1.resx">
</Event><Event ErrorLevel="0" Project="slope03" Source="Properties\Resources.resx" Description="File successfully backed up as D:\source\c#\function graphing\Backup\Properties\Resources.resx">
</Event><Event ErrorLevel="0" Project="slope03" Source="GraphSettingsDialog.resx" Description="File successfully backed up as D:\source\c#\function graphing\Backup\GraphSettingsDialog.resx">
</Event><Event ErrorLevel="0" Project="slope03" Source="slope03.csproj" Description="Project converted successfully">
</Event><Event ErrorLevel="3" Project="slope03" Source="slope03.csproj" Description="Converted">
</Event><Event ErrorLevel="0" Project="" Source="slope03.sln" Description="Solution converted successfully">
</Event><Event ErrorLevel="3" Project="" Source="slope03.sln" Description="Converted">
</Event><Event ErrorLevel="0" Project="slope03" Source="slope03.csproj" Description="Scan complete: Upgrade not required for project files.">
</Event></UpgradeLog>